Instance,NU,NC,Fed,Adult,‚ÜìV,Users,BI,BB,UT,MO,Version
[Lemmy.World](https://lemmy.world),Yes,Yes,Yes,Yes,Yes,10294,168,4,99%,8,0.18.5
[Lemmy NSFW](https://lemmynsfw.com),Yes,Yes,Yes,Yes,No,4001,177,39,99%,8,0.19.3-1-gd05f00d4c
[lemm.ee](https://lemm.ee),Yes,Yes,Yes,Yes,Yes,3565,34,0,100%,8,0.19.3
[Lemmy](https://lemmy.ml),Yes,Yes,Yes,Yes,Yes,2726,177,3,99%,38,0.19.3
[Feddit](https://feddit.de),Yes,Yes,Yes,No,Yes,2205,133,1,99%,29,0.19.2
[Hexbear](https://hexbear.net),Yes,No,No,Yes,No,1734,5,56,99%,6,0.19.3
[sh.itjust.works](https://sh.itjust.works),Yes,Yes,Yes,Yes,Yes,1409,57,5,99%,8,0.18.5
[Lemmy.ca](https://lemmy.ca),Yes,Yes,Yes,Yes,Yes,1385,41,0,99%,37,0.19.3
[programming.dev](https://programming.dev),Yes,Yes,Yes,Yes,Yes,1174,127,0,99%,8,0.19.3
[Divisions by zero](https://lemmy.dbzer0.com),Yes,Yes,Yes,Yes,Yes,1043,183,2,100%,8,0.19.3
[tchncs](https://discuss.tchncs.de),Yes,Yes,Yes,Yes,Yes,929,74,1,100%,8,0.19.3
[Lemmygrad](https://lemmygrad.ml),Yes,Yes,Yes,Yes,Yes,631,132,109,99%,39,0.19.3
[Beehaw](https://beehaw.org),Yes,No,Yes,Yes,No,601,530,1,98%,27,0.18.4
[SDF Chatter](https://lemmy.sdf.org),Yes,Yes,Yes,Yes,Yes,565,0,0,98%,8,0.19.3
[Sopuli](https://sopuli.xyz),Yes,Yes,Yes,Yes,Yes,558,42,1,95%,36,0.19.3
[Bl√•haj Lemmy](https://lemmy.blahaj.zone),Yes,Yes,Yes,Yes,No,523,279,4,98%,13,0.18.4-kt.2
[Lemmy.zip](https://lemmy.zip),Yes,Yes,Yes,Yes,Yes,456,5,0,100%,8,0.19.3
[Aussie Zone](https://aussie.zone),Yes,No,Yes,No,Yes,425,5,1,100%,8,0.19.3
[feddit.nl](https://feddit.nl),Yes,Yes,Yes,Yes,Yes,395,1,4,100%,8,0.19.3
[Infosec.Pub](https://infosec.pub),Yes,Yes,Yes,Yes,Yes,379,7,0,99%,9,0.19.3
[Reddthat](https://reddthat.com),Yes,Yes,Yes,Yes,No,369,4,1,99%,8,0.19.3
[midwest.social](https://midwest.social),Yes,Yes,Yes,Yes,Yes,361,11,0,99%,30,0.19.3
[Lemmy.one](https://lemmy.one),Yes,No,Yes,Yes,No,323,4,1,99%,8,0.19.2
[Feddit UK](https://feddit.uk),Yes,Yes,Yes,No,Yes,305,51,1,99%,8,0.19.3
[SLRPNK](https://slrpnk.net),Yes,Yes,Yes,No,Yes,273,8,0,99%,22,0.19.3
[Burggit](https://burggit.moe),Yes,Yes,Yes,Yes,No,262,1,80,97%,8,0.19.2-nsfw
[Star Trek: Website](https://startrek.website),Yes,No,Yes,Yes,Yes,242,12,1,99%,8,0.19.3
[Pawb.Social](https://pawb.social),Yes,Yes,Yes,Yes,Yes,241,86,1,99%,8,0.19.3
[Feddit.it](https://feddit.it),Yes,No,Yes,Yes,Yes,228,0,1,100%,21,0.19.3
[jlai.lu](https://jlai.lu),Yes,Yes,Yes,Yes,No,222,15,1,99%,7,0.19.3
[Lemmy Today](https://lemmy.today),Yes,Yes,Yes,Yes,Yes,209,0,0,99%,8,0.19.3
[Lemmings.world](https://lemmings.world),Yes,Yes,Yes,Yes,Yes,192,85,0,99%,7,0.19.3
[The TTRPG network](https://ttrpg.network),Yes,Yes,Yes,Yes,Yes,183,0,4,99%,8,0.19.3
[Brasil](https://lemmy.eco.br),Yes,No,Yes,Yes,Yes,175,54,1,99%,8,0.19.3
[Mander](https://mander.xyz),Yes,Yes,Yes,Yes,Yes,169,2,0,86%,34,0.19.3
[Lemdro.id](https://lemdro.id),Yes,No,Yes,Yes,Yes,136,0,0,99%,7,0.19.3
[AniSocial](https://ani.social),Yes,Yes,Yes,Yes,Yes,124,1,4,100%,7,0.19.3
[lemy](https://lemy.lol),Yes,Yes,Yes,Yes,Yes,111,14,0,100%,7,0.19.3
[Lemmy NZ](https://lemmy.nz),Yes,No,Yes,Yes,Yes,110,3,0,99%,8,0.19.3
[szmer](https://szmer.info),Yes,Yes,Yes,Yes,Yes,102,3,2,99%,35,0.19.2
[feddit.ch](https://feddit.ch),Yes,Yes,Yes,No,Yes,101,1,1,98%,8,0.19.3
[Discuss Online](https://discuss.online),Yes,Yes,Yes,Yes,Yes,99,9,0,100%,8,0.19.3
[Feddit.dk](https://feddit.dk),Yes,Yes,Yes,Yes,Yes,97,541,0,100%,8,0.19.3
[iusearchlinux.fyi](https://iusearchlinux.fyi),Yes,Yes,Yes,Yes,Yes,96,1,0,100%,8,0.19.0
[monero.town](https://monero.town),Yes,Yes,Yes,Yes,Yes,95,0,5,100%,8,0.19.3
[Feddit.nu](https://feddit.nu),Yes,Yes,Yes,Yes,Yes,69,71,1,100%,7,0.19.3
[awful.systems](https://awful.systems),Yes,No,Yes,Yes,Yes,69,11,0,100%,7,0.19.3
[The Lemmy Club](https://thelemmy.club),Yes,Yes,Yes,Yes,Yes,55,4,0,100%,8,0.19.3
[Feddit.cl](https://feddit.cl),Yes,Yes,Yes,No,Yes,50,0,1,100%,8,0.19.3
[Leminal Space](https://leminal.space),Yes,Yes,Yes,Yes,Yes,49,127,0,100%,7,0.19.3
[monyet.cc](https://monyet.cc),Yes,Yes,Yes,Yes,Yes,48,0,1,99%,8,0.19.3
[literature.cafe](https://literature.cafe),Yes,Yes,Yes,Yes,Yes,46,539,0,95%,7,0.19.3
[Yiffit.net](https://yiffit.net),Yes,Yes,Yes,Yes,Yes,40,0,11,100%,8,0.18.5
[Lemmy Cafe](https://lemmy.cafe),Yes,Yes,Yes,No,Yes,36,5,1,98%,8,0.19.3
[Futurology Today](https://futurology.today),Yes,No,Yes,No,Yes,35,1,0,99%,6,0.19.3
[Neo Mujico](https://mujico.org),Yes,No,No,Yes,Yes,33,0,21,98%,17,0.19.2
[lemmus.org](https://lemmus.org),Yes,No,Yes,Yes,Yes,32,0,0,100%,8,0.19.1
[rqd2.net](https://rqd2.net),Yes,Yes,Yes,Yes,Yes,31,1,61,99%,5,0.19.0
[R.NF](https://r.nf),Yes,Yes,Yes,Yes,Yes,28,0,0,100%,5,0.19.3
[DRSGME/WhyDRS Lemmy](https://lemmy.whynotdrs.org),Yes,Yes,Yes,Yes,Yes,28,0,0,96%,8,0.19.3
[KDE Social](https://lemmy.kde.social),Yes,No,Yes,No,Yes,27,0,0,100%,7,0.19.3
[Hack Liberty ](https://links.hackliberty.org),Yes,No,Yes,No,Yes,25,6,5,100%,10,0.19.2
[Endlesstalk](https://endlesstalk.org),Yes,Yes,Yes,Yes,Yes,24,80,0,100%,8,0.19.3
[Lemy](https://lemy.nl),Yes,Yes,Yes,No,Yes,22,360,1,100%,7,0.19.3
[lemmyf.uk](https://lemmyf.uk),Yes,Yes,Yes,Yes,Yes,20,71,3,97%,7,0.19.3
[Lemmy Myserv one](https://lemmy.myserv.one),Yes,No,Yes,Yes,Yes,20,222,0,99%,7,0.19.3
[dormi.zone](https://dormi.zone),Yes,No,Yes,No,No,17,6,0,100%,8,0.18.5
[Hilarious Chaos](https://hilariouschaos.com),Yes,Yes,No,Yes,Yes,17,0,3,??,??,0.19.3
[dmv.social](https://dmv.social),Yes,No,Yes,No,Yes,16,52,0,100%,8,0.19.3
[The Possum Patio](https://possumpat.io),Yes,No,Yes,Yes,Yes,16,4,0,100%,8,0.19.2
[Linux.Community](https://linux.community),Yes,No,Yes,Yes,No,15,2,0,100%,7,0.19.3
[eviltoast](https://eviltoast.org),Yes,Yes,Yes,Yes,Yes,15,1,0,99%,8,0.19.3
[suppo.fi](https://suppo.fi),Yes,Yes,Yes,Yes,Yes,15,1,0,99%,8,0.19.3
[F√≥rum da Ayom](https://forum.ayom.media),Yes,No,No,Yes,Yes,15,0,0,97%,1,0.19.1
[Frozen Lemmy](https://lemmy.frozeninferno.xyz),Yes,Yes,Yes,Yes,Yes,14,48,0,100%,8,0.19.3
[Based Count](https://lemmy.basedcount.com),Yes,No,Yes,Yes,Yes,14,7,4,93%,7,0.19.2
[lemmy.tf](https://lemmy.tf),Yes,Yes,Yes,Yes,Yes,12,0,0,97%,8,0.19.0
[Y'all@theATL.social](https://yall.theatl.social),Yes,Yes,Yes,Yes,Yes,12,0,0,100%,8,0.19.3
[lemmy.studio](https://lemmy.studio),Yes,Yes,Yes,Yes,Yes,12,5,0,??,??,0.18.5
[bookwormstory.social](https://bookwormstory.social),Yes,No,Yes,No,Yes,12,68,0,99%,7,0.19.3
[D‚Ä¢Scribe](https://scribe.disroot.org),Yes,Yes,Yes,Yes,Yes,11,0,0,??,??,0.19.1
[WetShaving](https://sub.wetshaving.social),Yes,Yes,Yes,Yes,Yes,11,0,0,99%,8,0.19.3
[Lemmy Portugu√™s](https://lemmy.pt),Yes,No,Yes,No,Yes,11,1,1,95%,29,0.19.2
[YuruLemmy](https://lemmy.funami.tech),Yes,Yes,Yes,Yes,Yes,9,145,0,100%,7,0.19.3
[Lemmy TeDomum](https://lemmy.tedomum.net),Yes,Yes,Yes,Yes,Yes,9,0,21,100%,33,0.19.2+tedomum.2
[RBlind](https://rblind.com),Yes,Yes,Yes,Yes,Yes,9,4,0,99%,8,0.19.3
[Fanaticus](https://fanaticus.social),Yes,Yes,Yes,Yes,Yes,9,1,2,99%,7,0.19.2
[Feddit.ro](https://feddit.ro),Yes,No,Yes,No,Yes,9,124,0,100%,8,0.18.5
[PornLemmy](https://pornlemmy.com),Yes,Yes,Yes,Yes,Yes,9,5,21,97%,7,0.18.5-nsfw
[‰πùÂ∞æË´ñÂ£á](https://bbs.9tail.net),Yes,Yes,Yes,Yes,Yes,8,1,10,97%,15,0.19.2
[MTGZone](https://mtgzone.com),Yes,No,Yes,No,Yes,7,0,3,100%,8,0.18.5
[Preserve Games](https://preserve.games),Yes,No,Yes,Yes,Yes,7,0,0,86%,7,0.19.1
[BlendIT - BSD Cafe](https://blendit.bsd.cafe),Yes,No,Yes,Yes,Yes,6,0,0,100%,3,0.19.3
[SFFA](https://sffa.community),Yes,No,Yes,Yes,Yes,6,3,8,98%,8,0.18.5
[bolha.forum](https://bolha.forum),Yes,No,Yes,Yes,Yes,6,24,0,98%,7,0.19.3
[SeeMeL.ink](https://seemel.ink),Yes,No,No,Yes,Yes,5,0,0,99%,8,0.18.4
[Internet burnout](https://group.lt),Yes,Yes,Yes,Yes,Yes,5,0,0,100%,23,0.19.3
[Communick News](https://communick.news),Yes,No,Yes,No,Yes,5,1,1,99%,8,0.19.3
[Baraza](https://baraza.africa),Yes,Yes,No,Yes,Yes,5,0,0,98%,38,0.19.3
[gadgetro.id](https://gadgetro.id),Yes,No,Yes,No,Yes,5,0,0,97%,7,0.18.3
[lemux](https://lemux.minnix.dev),Yes,Yes,Yes,Yes,Yes,5,0,0,98%,7,0.19.3
[lemmy.best](https://lemmy.best),Yes,Yes,Yes,Yes,Yes,5,4,0,88%,7,0.19.3
[Feddit](https://feddit.rocks),Yes,Yes,Yes,Yes,Yes,4,0,1,96%,7,0.19.3
[lazysoci.al](https://lazysoci.al),Yes,Yes,Yes,Yes,Yes,4,0,0,99%,7,0.19.3
[Comfy Snugs](https://lemmy.comfysnug.space),Yes,Yes,Yes,Yes,Yes,4,22,21,100%,8,0.19.3
[Lavender](https://l.ltgc.cc),Yes,No,Yes,Yes,Yes,4,13,0,100%,2,0.18.5
[È¥â„ÅØÊã†„ÇäÊâÄ„Å´„Å§„ÅÑ„Å¶Ë™û„ÇäÂêà„ÅÜ](https://lm.korako.me),Yes,Yes,Yes,Yes,No,4,0,4,100%,33,0.19.3
[Nexxis Social](https://nexxis.social),Yes,Yes,Yes,Yes,Yes,4,0,0,100%,4,0.19.3
[tucson.social](https://tucson.social),Yes,Yes,Yes,No,Yes,4,387,0,100%,7,0.19.3
[Bridgetown Community](https://community.bridgetown.pub),Yes,No,Yes,No,No,4,0,0,??,??,0.19.2
[RollenspielMonster](https://rollenspiel.forum),Yes,Yes,Yes,Yes,Yes,4,6,0,100%,6,0.19.3
[fed.dyne.org](https://fed.dyne.org),Yes,No,Yes,Yes,Yes,4,0,0,100%,4,0.19.3
[Reddeet](https://reddeet.com),Yes,Yes,Yes,Yes,Yes,4,10,0,100%,2,0.19.3
[Linz Lemmy](https://linz.city),Yes,Yes,Yes,Yes,Yes,4,0,1,100%,6,0.19.3
[CompuVerse](https://compuverse.uk),Yes,Yes,Yes,Yes,Yes,4,6,0,92%,8,0.19.1
[kyberpunk.social](https://kyberpunk.social),Yes,Yes,Yes,Yes,Yes,4,0,0,100%,5,0.19.2
[SS14 Lemmy](https://lemmy.spacestation14.com),Yes,Yes,Yes,Yes,Yes,4,25,0,99%,8,0.19.1
[Lemmysambandet](https://lemmy.sambands.net),Yes,Yes,Yes,Yes,No,3,6,0,??,??,0.19.3
[GMESTOCK](https://gmestock.com),Yes,No,Yes,Yes,Yes,3,0,0,??,??,0.19.3
[DubVee](https://dubvee.org),Yes,Yes,Yes,Yes,Yes,3,544,0,89%,8,0.18.5
[No Last Name Needed](https://no.lastname.nz),Yes,No,Yes,Yes,Yes,3,4,0,100%,8,0.19.3
[BROWNTOWN](https://lemmy.browntown.dev),Yes,Yes,Yes,Yes,Yes,3,0,0,??,??,0.19.2
[RetroLemmy](https://retrolemmy.com),Yes,Yes,Yes,Yes,Yes,3,4,0,100%,7,0.19.3
[Usenet](https://usenet.lol),Yes,Yes,Yes,Yes,Yes,3,0,0,??,??,0.19.3
[r/sauna](https://r-sauna.fi),Yes,No,Yes,Yes,Yes,3,0,12,93%,7,0.19.1
[femboys.bar](https://femboys.bar),Yes,Yes,Yes,Yes,Yes,3,0,4,??,??,0.19.3
[lemmy.billiam.net](https://lemmy.billiam.net),Yes,Yes,Yes,Yes,Yes,3,1,0,99%,7,0.19.3
[Tech pr0n](https://tech.pr0n.pl),Yes,Yes,Yes,Yes,Yes,3,0,0,??,??,0.19.2
[PopTalk](https://poptalk.scrubbles.tech),Yes,No,Yes,No,Yes,3,9,0,99%,8,0.19.3
[Lemmy Fans](https://real.lemmy.fan),Yes,Yes,Yes,Yes,Yes,3,0,0,96%,4,0.19.3
[Lemmy.Radio](https://lemmy.radio),Yes,Yes,Yes,Yes,Yes,3,4,0,99%,8,0.18.5
[not digg](https://notdigg.com),Yes,Yes,Yes,Yes,Yes,3,3,0,97%,8,0.19.3
[foros.fediverso.gal](https://foros.fediverso.gal),Yes,No,Yes,No,Yes,3,0,0,95%,14,0.19.3
[Lemmy Online](https://lemmyonline.com),Yes,No,Yes,Yes,Yes,3,1,1,98%,8,0.18.4
[Lemmy for LUS](https://lemmy.linuxuserspace.show),Yes,No,Yes,Yes,Yes,3,0,0,100%,8,0.18.5
[HQueue](https://lemmy.hqueue.dev),Yes,Yes,Yes,Yes,Yes,2,0,0,98%,7,0.19.2
[fost.hu](https://fost.hu),Yes,Yes,Yes,Yes,Yes,2,0,0,99%,7,0.19.3
[The Mycelial Nexus](https://mycelial.nexus),Yes,No,Yes,Yes,Yes,2,0,0,??,??,0.19.2
[Whiskers](https://whiskers.bim.boats),Yes,No,Yes,No,Yes,2,12,0,99%,7,0.18.5
[Lemmy.fosshost.com](https://lemmy.fosshost.com),Yes,Yes,Yes,Yes,Yes,2,0,0,100%,7,0.19.3
[Pobierz](https://lemmy.ohaa.xyz),Yes,Yes,Yes,No,Yes,2,149,0,98%,6,0.19.3
[adultswim.fan](https://adultswim.fan),Yes,No,No,Yes,Yes,2,2,0,100%,6,0.18.4
[Corgi Lemmings](https://lemmings.sopelj.ca),Yes,Yes,Yes,Yes,Yes,2,0,0,98%,7,0.19.3
[info.prou.be](https://info.prou.be),Yes,Yes,Yes,Yes,Yes,2,0,0,97%,24,0.18.5
[Chinese LOL](https://chinese.lol),Yes,No,Yes,Yes,Yes,2,0,0,100%,6,0.18.4
[fstab](https://fstab.sh),Yes,Yes,Yes,Yes,Yes,2,0,0,??,??,0.19.3
[1337lemmy](https://1337lemmy.com),Yes,Yes,Yes,Yes,Yes,2,0,0,100%,7,0.19.3
[13MMY](https://13mmy.io),Yes,Yes,Yes,Yes,Yes,2,0,0,100%,0,0.19.3
[Agora](https://agora.nop.chat),Yes,Yes,Yes,Yes,Yes,2,0,0,98%,7,0.19.0
[Uhhoh!](https://lemmy.uhhoh.com),Yes,Yes,Yes,Yes,Yes,2,3,0,83%,8,0.19.3
[Lemmy](https://lemmy.asc6.org),Yes,No,Yes,Yes,Yes,2,3,0,96%,7,0.19.3
[Derpzilla](https://derpzilla.net),Yes,Yes,Yes,No,Yes,2,0,0,99%,7,0.19.3
[Lemmy.üêü](https://lemmy.fish),Yes,Yes,Yes,Yes,Yes,2,2,0,??,??,0.19.3
[Trippy Lemmy](https://lemmy.trippy.pizza),Yes,No,Yes,Yes,Yes,2,0,0,100%,7,0.19.1
[Kutsuya.dev](https://kutsuya.dev),Yes,No,Yes,Yes,Yes,2,0,0,97%,7,0.19.2
[Coffee Beanz](https://lemmy.coffee-beanz.com),Yes,Yes,Yes,Yes,No,2,2,0,99%,5,0.19.3
[Alien Top](https://alien.top),Yes,No,Yes,Yes,Yes,2,0,26,95%,4,0.18.5
[Welcome to X69.org](https://x69.org),Yes,Yes,Yes,Yes,Yes,2,0,3,100%,7,0.18.4
[ZeekZack](https://fediverse.zeekzack.com),Yes,Yes,Yes,Yes,Yes,2,2,2,98%,7,0.19.3
[Lemmy Staphup](https://lemmy.staphup.nl),Yes,No,Yes,No,Yes,2,0,1,99%,8,0.19.3
[Lemmy.institute](https://lemmy.institute),Yes,No,Yes,Yes,Yes,2,3,0,100%,6,0.19.3
[derp.foo](https://derp.foo),Yes,No,Yes,No,Yes,2,2,2,99%,8,0.19.3
[Otter Cafe](https://lemmy.getmeotter.work),Yes,Yes,Yes,Yes,Yes,2,0,0,94%,4,0.19.3
[Gifted Minecraft](https://lemmy.giftedmc.com),Yes,Yes,Yes,Yes,Yes,2,1,0,99%,3,0.19.3
[Civilloquy](https://civilloquy.com),Yes,No,No,No,Yes,2,7,3,99%,8,0.19.3
[Berlin Hackers Unite](https://lemmy.chaos.berlin),Yes,Yes,Yes,Yes,Yes,2,0,0,100%,3,0.18.5
[bleh.au](https://lemmy.bleh.au),Yes,Yes,Yes,Yes,Yes,2,5,0,100%,8,0.19.3
[Smeargle Fans](https://lemmy.smeargle.fans),Yes,No,Yes,Yes,Yes,2,0,3,99%,7,0.19.1
[Radiation Party](https://radiation.party),Yes,No,Yes,Yes,Yes,2,1,1,92%,8,0.19.2
[Corndog.social](https://corndog.social),Yes,No,Yes,Yes,Yes,2,0,0,99%,6,0.19.3
[Madiator2011 Lemmy](https://lm.madiator.cloud),Yes,Yes,Yes,No,Yes,2,1,0,99%,8,0.19.1
[BitForged Space](https://bitforged.space),Yes,Yes,Yes,Yes,Yes,2,81,0,99%,2,0.19.2
[Lemmy](https://lemmy.max-p.me),Yes,Yes,Yes,Yes,Yes,2,0,0,100%,7,0.19.3
[gockandgum.party](https://lemmy.gockandgum.party),Yes,Yes,Yes,Yes,Yes,2,0,0,99%,1,0.19.2
[Mindoki](https://lemmy.mindoki.com),Yes,Yes,Yes,Yes,Yes,2,1,0,98%,7,0.19.2
[Lemmy Brief Guru](https://lemmy.brief.guru),Yes,Yes,Yes,Yes,Yes,2,0,0,97%,7,0.19.2
[CyberPaws](https://cyberpaws.lol),Yes,No,Yes,Yes,Yes,2,0,0,100%,1,0.18.5
[Lem.monster](https://lem.monster),Yes,Yes,Yes,Yes,Yes,2,0,1,99%,8,0.19.3
[lonestar-lemmy](https://lonestarlemmy.mooo.com),Yes,Yes,Yes,No,Yes,2,0,0,93%,7,0.19.3
[My Lemmy Instance](https://lemmy.noellesporn.de),Yes,Yes,Yes,Yes,Yes,2,1,0,??,??,0.19.3
[lemmy.id](https://lemmy.id),Yes,Yes,Yes,No,Yes,2,0,0,100%,7,0.18.4
[l.deltaa.xyz](https://l.deltaa.xyz),Yes,Yes,Yes,Yes,Yes,2,0,0,100%,0,0.19.3
[Lemmy Artivain](https://lemmy.artivain.com),Yes,Yes,Yes,Yes,Yes,2,0,0,92%,1,0.18.5
[lemmy.az.social](https://lemmy.az.social),Yes,No,Yes,Yes,Yes,2,0,0,??,??,0.19.3
[Lemmy private](https://lemmy.baie.me),Yes,Yes,Yes,Yes,Yes,2,0,0,69%,0,0.19.3
[Merveilles](https://merv.news),Yes,Yes,Yes,Yes,Yes,2,15,0,99%,16,0.18.5
[SHA1](https://sha1.nl),Yes,No,Yes,Yes,Yes,2,1,0,??,??,0.19.3
[Nom Mom](https://nom.mom),Yes,Yes,Yes,Yes,Yes,2,0,1,99%,7,0.19.3
[SKBLu](https://lu.skbo.net),Yes,Yes,Yes,Yes,Yes,2,2,0,98%,7,0.19.3
[Lemuria](https://lemuria.es),Yes,Yes,Yes,No,Yes,2,0,0,??,??,0.19.3
[lemmy.onlylans.io](https://lemmy.onlylans.io),Yes,Yes,Yes,Yes,Yes,2,2,0,100%,7,0.19.2
[l.u0c.cc](https://l.u0c.cc),Yes,Yes,Yes,Yes,Yes,2,0,0,??,??,0.19.3
[Big Lemmowski](https://biglemmowski.win),Yes,No,Yes,Yes,Yes,2,0,0,100%,7,0.19.3
[Kulupu](https://kulupu.duckdns.org),Yes,Yes,Yes,Yes,Yes,2,0,0,99%,7,0.19.3
[TheNewGaming](https://lemmy.thenewgaming.de),Yes,Yes,Yes,Yes,Yes,2,0,0,99%,4,0.19.3
[Paradisus!](https://lm.paradisus.day),Yes,No,Yes,No,Yes,1,0,0,100%,8,0.18.3
[s.jape.work](https://s.jape.work),Yes,Yes,Yes,Yes,Yes,1,2,0,100%,8,0.19.3
[MetaPowers](https://metapowers.org),Yes,Yes,Yes,Yes,Yes,1,0,0,98%,7,0.19.0
[hyperfair.link](https://hyperfair.link),Yes,No,Yes,Yes,Yes,1,0,0,100%,7,0.19.3
[Roobre's links](https://links.roobre.es),Yes,No,Yes,No,No,1,0,0,100%,21,0.19.3
[Lylapol](https://lemmy.lylapol.com),Yes,No,Yes,Yes,Yes,1,1,0,94%,7,0.19.3
[lemmy.pierre-couy.fr](https://lemmy.pierre-couy.fr),Yes,Yes,Yes,Yes,Yes,1,0,0,100%,7,0.19.2
[kyu](https://kyu.de),Yes,Yes,Yes,Yes,Yes,1,0,0,99%,8,0.19.3
[Shadesmar](https://lemmy.demonoftheday.eu),Yes,Yes,Yes,Yes,Yes,1,0,0,98%,8,0.19.2
[lemmy.mbirth.uk](https://lemmy.mbirth.uk),Yes,Yes,Yes,Yes,Yes,1,0,0,98%,7,0.19.3
[Cyberhase Lemmy](https://red.cyberhase.de),Yes,Yes,Yes,Yes,Yes,1,0,0,??,??,0.19.0
[ActuallyRuben](https://actuallyruben.nl),Yes,Yes,Yes,Yes,Yes,1,0,9,99%,8,0.19.1
[lemmy.sietch.online](https://lemmy.sietch.online),Yes,No,Yes,Yes,Yes,1,0,0,99%,7,0.19.3
[Lemmy Balamb](https://lemmy.balamb.fr),Yes,Yes,Yes,No,No,1,0,0,100%,0,0.19.3
[sLemmy](https://lemmy.sumuun.net),Yes,No,Yes,Yes,Yes,1,1,2,100%,8,0.19.3
[Lemmy graz.social](https://lemmy.graz.social),Yes,Yes,Yes,No,No,1,0,0,100%,16,0.19.3
[Diagon Lemmy](https://diagonlemmy.social),Yes,No,No,No,Yes,1,130,1,100%,0,0.19.3
[A Federation](https://lem.cochrun.xyz),Yes,Yes,Yes,Yes,Yes,1,0,0,98%,7,0.18.5
[Fornaxian Tech](https://lemmy.fornaxian.tech),Yes,No,Yes,No,Yes,1,0,1,100%,7,0.19.3
[Lemmy MichaelSasser](https://lemmy.michaelsasser.org),Yes,No,Yes,Yes,Yes,1,0,0,??,??,0.19.3
[Under the Jacaranda](https://lemmy.jacaranda.club),Yes,Yes,Yes,Yes,Yes,1,0,0,99%,7,0.19.0
[Lemmy](https://lemmy.nuage-libre.fr),Yes,Yes,Yes,No,Yes,1,0,0,99%,0,0.19.3
[feddit.jp](https://feddit.jp),Yes,Yes,Yes,Yes,Yes,1,0,3,100%,8,0.19.3
[Lemmy.DooMeeR](https://lemmy.doomeer.com),Yes,Yes,Yes,Yes,Yes,1,0,0,100%,7,0.19.3
[lemmy.dudeami.win](https://lemmy.dudeami.win),Yes,Yes,Yes,No,Yes,1,0,0,??,??,0.19.3
[Chez Marud](https://lemmy.marud.fr),Yes,Yes,Yes,Yes,Yes,1,1,0,100%,7,0.19.2
[Digital Distress](https://distress.digital),Yes,Yes,Yes,No,Yes,1,7,0,100%,8,0.19.2
[FediTown](https://feditown.com),Yes,No,Yes,Yes,Yes,1,5,0,??,??,0.19.2
[schlunker](https://lemmy.schlunker.com),Yes,Yes,Yes,Yes,Yes,1,1,0,100%,8,0.19.2
[Javant](https://lemmy.javant.xyz),Yes,No,Yes,Yes,Yes,1,0,0,98%,7,0.19.3
[Janiak Lemmy](https://lemmy.janiak.cc),Yes,Yes,Yes,Yes,Yes,1,0,0,??,??,0.19.3
[Adequate Experience](https://community.adiquaints.moe),Yes,Yes,Yes,Yes,Yes,1,0,0,86%,7,0.19.3
[Tomaz's Lemmy](https://lemmy.tomaz.me),Yes,No,Yes,Yes,Yes,1,0,0,??,??,0.19.3
[DeathScroll](https://deathscroll.p3nguin.org),Yes,No,Yes,Yes,Yes,1,2,0,100%,0,0.19.3
[Sebbes Lemmy](https://lemmy.sebbem.se),Yes,Yes,Yes,Yes,Yes,1,0,0,86%,7,0.19.3
[ExNG Lemmy](https://exng.meme),Yes,Yes,Yes,Yes,Yes,1,0,0,??,??,0.19.3
[Jemmy](https://jemmy.jeena.net),Yes,No,Yes,No,Yes,1,0,0,98%,7,0.19.3
[ME Lemmy](https://lemmy.elashri.eu.org),Yes,No,Yes,No,Yes,1,3,0,??,??,0.19.1
[lemmy.amxl.com](https://lemmy.amxl.com),Yes,No,Yes,Yes,Yes,1,80,0,98%,7,0.19.3
[EventFrontier](https://eventfrontier.com),Yes,No,Yes,Yes,Yes,1,0,0,100%,7,0.19.3
[OVO.social](https://0v0.social),Yes,Yes,Yes,Yes,Yes,1,0,0,99%,8,0.19.3
[Psychedelia.ink](https://psychedelia.ink),Yes,Yes,Yes,No,Yes,1,0,0,94%,8,0.19.1
[Leaf-dance](https://leaf.dance),Yes,No,Yes,Yes,Yes,1,0,0,96%,9,0.18.4
[fuck.markets](https://fuck.markets),Yes,Yes,Yes,Yes,Yes,1,0,0,96%,1,0.19.0
[UmU](https://lemmy.umucat.day),Yes,No,Yes,No,No,1,0,0,??,??,0.19.2
[Lemmy.run Fediverse](https://lemmy.run),Yes,Yes,Yes,Yes,Yes,1,0,4,99%,8,0.19.3
[UKFLI](https://ukfli.uk),Yes,Yes,Yes,Yes,Yes,1,0,0,99%,1,0.19.3
[Upvote!](https://upvote.au),Yes,Yes,Yes,Yes,Yes,1,0,0,100%,8,0.19.3
[lemmy.io.vn](https://lemmy.io.vn),Yes,No,Yes,No,Yes,1,0,0,??,??,0.19.2
[Crony's Dungeon](https://lemmy.cronyakatsuki.xyz),Yes,No,Yes,Yes,Yes,1,1,0,100%,2,0.19.3
[Eldritch Mlems](https://mlem.eldritch.gift),Yes,No,Yes,Yes,Yes,1,10,0,100%,2,0.19.3
[blugatch.tube](https://lemmy.blugatch.tube),Yes,Yes,Yes,Yes,Yes,1,4,0,99%,7,0.19.3
[Roofo](https://l.roofo.cc),Yes,No,Yes,Yes,Yes,1,5,0,100%,7,0.19.3
[Lemmy.graphics](https://lemmy.graphics),Yes,No,Yes,Yes,Yes,1,0,0,99%,7,0.19.2
[Jaypg](https://lemmy.jaypg.pw),Yes,Yes,Yes,Yes,Yes,1,0,0,93%,4,0.19.3
[86thumbs](https://lemmy.86thumbs.net),Yes,No,Yes,Yes,Yes,1,1,0,98%,7,0.19.2
[Escape Big Tech](https://lemmy.escapebigtech.info),Yes,No,Yes,Yes,Yes,1,0,0,99%,8,0.18.5
[Champserver](https://champserver.net),Yes,Yes,Yes,Yes,Yes,1,0,0,99%,8,0.19.2
[h4x0r.host](https://h4x0r.host),Yes,No,Yes,Yes,Yes,1,0,0,??,??,0.18.5
[lemmy.mlaga97.space](https://lemmy.mlaga97.space),Yes,Yes,Yes,Yes,Yes,1,0,0,91%,7,0.19.1
[Mats.ooo Lemmy](https://lemmy.mats.ooo),Yes,No,Yes,Yes,Yes,1,2,0,97%,7,0.19.3
[belegost](https://lemmy.belegost.net),Yes,No,Yes,Yes,Yes,1,0,0,98%,7,0.19.2-rc.3.publish4
[Nannoda Lemmy](https://lemmy.nannoda.com),Yes,No,No,Yes,Yes,1,0,0,??,??,0.19.3
[StuartLemmy](https://lemmy.stuart.fun),Yes,Yes,Yes,Yes,Yes,1,0,0,99%,7,0.19.0
[Lemmy](https://lemmy.laitinlok.com),Yes,Yes,Yes,Yes,Yes,1,1,0,96%,2,0.18.5
[spgrn](https://spgrn.com),Yes,Yes,Yes,No,Yes,1,3,0,97%,7,0.19.3
[Lemmy](https://low.faux.moe),Yes,No,Yes,Yes,Yes,1,0,0,100%,2,0.19.1
[key](https://lemmy.keychat.org),Yes,Yes,Yes,Yes,Yes,1,5,0,98%,8,0.19.2
[TSL_Lemmy](https://lemmy.stefanoprenna.com),Yes,No,Yes,Yes,Yes,1,3,0,100%,2,0.19.3
[LEMMYFI](https://lemmyfi.com),Yes,Yes,Yes,Yes,Yes,1,0,0,100%,8,0.18.5
[Yomeni√´](https://lemmy.aisteru.ch),Yes,No,Yes,Yes,Yes,1,1,0,100%,3,0.19.3
[Vinod's Forum](https://lemmy.vinodjam.com),Yes,No,Yes,Yes,No,1,385,0,98%,7,0.19.3
[Lemmy](https://lemmy.timothyhay.org),Yes,Yes,Yes,Yes,Yes,1,3,0,89%,3,0.19.0
[lemmy.sieprawski.pl](https://lemmy.sieprawski.pl),Yes,No,Yes,Yes,Yes,1,0,0,99%,3,0.18.5
[Local 106](https://local106.com),Yes,No,Yes,Yes,Yes,1,0,0,99%,8,0.18.5
[Deltabeard's Links](https://links.deltabeard.com),Yes,Yes,Yes,Yes,Yes,1,0,0,??,??,0.19.1
[Voltage.vn](https://voltage.vn),Yes,No,Yes,Yes,Yes,1,0,2,99%,9,0.18.4
[Electrospek - Lemmy](https://lemmy.electrospek.com),Yes,Yes,Yes,Yes,Yes,1,0,0,100%,0,0.19.3
[Lemmy](https://social2.williamyam.com),Yes,Yes,Yes,Yes,Yes,1,0,0,??,??,0.19.3
[Beru Co.ddit](https://lemmy.beru.co),Yes,Yes,Yes,Yes,Yes,1,1,0,99%,8,0.19.3
[Privacy Community](https://community.nicfab.it),Yes,No,No,Yes,Yes,1,0,0,97%,21,0.19.3
[Uninsane](https://lemmy.uninsane.org),Yes,Yes,Yes,Yes,Yes,1,0,0,91%,7,0.19.3
[lemmy.temporus.me](https://lemmy.temporus.me),Yes,Yes,Yes,No,Yes,1,0,0,100%,8,0.19.3
[Doomscroll](https://doomscroll.n8e.dev),Yes,Yes,Yes,Yes,Yes,1,0,0,100%,3,0.19.3
[Dominikoso's Lemmy](https://lemmy.dominikoso.me),Yes,No,Yes,Yes,No,1,0,0,??,??,0.19.2
[√∏ Lemmy √∏](https://0d.gs),Yes,Yes,Yes,No,Yes,1,0,0,96%,3,0.19.3
[JMTRlemmy](https://lemmy.jmtr.org),Yes,Yes,Yes,Yes,Yes,1,0,0,99%,7,0.19.3
[nerdcore instance](https://lemmy.nerdcore.social),Yes,Yes,Yes,Yes,Yes,1,6,0,98%,8,0.19.3
[Stammtisch](https://stammtisch.hallertau.social),Yes,Yes,No,Yes,Yes,1,0,0,99%,35,0.19.3
[Lemmy Time](https://lmy.drundo.com.au),Yes,No,Yes,Yes,Yes,1,0,0,76%,7,0.18.5
[Lemmy](https://lemmy.tobyvin.dev),Yes,Yes,Yes,Yes,Yes,1,0,0,97%,8,0.19.3
[Red's Make Space](https://lemmy.redkrieg.com),Yes,Yes,Yes,Yes,Yes,1,0,0,??,??,0.19.3
[From Shadows](https://lemmy.fromshado.ws),Yes,No,Yes,No,Yes,1,2,0,99%,8,0.19.3
[Sergey's Lemmy](https://lem.serkozh.me),Yes,No,Yes,Yes,Yes,1,0,0,100%,8,0.19.3
[moonboot labs social](https://lemmy.mbl.social),Yes,Yes,Yes,Yes,Yes,1,2,0,100%,7,0.19.3
[physfluids.fr](https://lemmy.physfluids.fr),Yes,Yes,Yes,No,Yes,1,13,0,97%,7,0.19.3
[Simpl Lemmy](https://lemmy.simpl.website),Yes,No,Yes,Yes,Yes,1,0,0,100%,8,0.19.1
[Marius‚Äôs Lemmy](https://lemmy.mariusdavid.fr),Yes,Yes,Yes,Yes,Yes,1,0,0,??,??,0.19.3
[LANoftheDead](https://odin.lanofthedead.xyz),Yes,Yes,Yes,Yes,Yes,1,5,0,??,??,0.19.3
[NerdHouse Social](https://social.nerdhouse.io),Yes,Yes,Yes,Yes,Yes,1,0,0,95%,7,0.19.0
[·∏∏·∏ó·πÉ…Ø”≥](https://lemmy.tgxn.net),Yes,Yes,Yes,Yes,Yes,1,0,0,99%,8,0.18.5
[Zxcvn](https://lemmy.zxcvn.xyz),Yes,Yes,Yes,Yes,Yes,1,0,0,100%,5,0.18.5
[Dorm Room](https://lemmy.dormedas.com),Yes,Yes,Yes,Yes,Yes,1,0,0,97%,7,0.18.3
[GSK](https://lm.gsk.moe),Yes,Yes,Yes,Yes,Yes,1,0,0,97%,7,0.19.3
[Stad Social](https://lemmy.stad.social),Yes,Yes,Yes,Yes,Yes,1,1,0,100%,4,0.18.5
[XOYNQ](https://lemmy.xoynq.com),Yes,No,Yes,Yes,Yes,1,1,0,100%,7,0.19.3
[Lebowski.Social](https://lebowski.social),Yes,No,Yes,Yes,Yes,1,109,0,100%,6,0.18.5
[lemmy](https://lemmy.self-hosted.site),Yes,No,Yes,Yes,Yes,1,0,0,99%,8,0.19.2
[LemmyIs.Fun](https://lemmyis.fun),Yes,Yes,Yes,Yes,Yes,1,0,0,100%,7,0.19.3
[Terrier_RG's Lemmy](https://lemmy.t-rg.ws),Yes,Yes,Yes,Yes,Yes,1,0,0,??,??,0.19.3
[Tim's Lemming](https://lemmy.timwaterhouse.com),Yes,No,Yes,No,Yes,1,1,0,98%,8,0.19.2
[lsmu](https://lsmu.schmurian.xyz),Yes,No,Yes,Yes,Yes,1,0,0,99%,8,0.19.3
[My Lemmy Box](https://lemmy.my-box.dev),Yes,No,Yes,Yes,No,1,0,0,97%,5,0.18.4
[Jamesj999 Lemmy](https://lemmy.jamesj999.co.uk),Yes,No,Yes,Yes,Yes,1,0,0,99%,8,0.19.3
[Lemmy@Moonling.nl](https://lemmy.moonling.nl),Yes,No,Yes,Yes,Yes,1,4,0,99%,8,0.19.3
[Lemmy!](https://lemmy.chiisana.net),Yes,No,Yes,Yes,Yes,1,1,0,100%,8,0.19.3
[idlestate](https://news.idlestate.org),Yes,Yes,Yes,Yes,Yes,1,0,0,99%,8,0.19.1
[fanexus](https://fanexus.com),Yes,Yes,Yes,Yes,Yes,1,144,0,97%,7,0.19.3
[fjdk](https://fjdk.uk),Yes,Yes,Yes,Yes,Yes,1,0,0,99%,8,0.19.3
[Moose.Best](https://moose.best),Yes,Yes,Yes,Yes,Yes,1,0,0,84%,8,0.19.2
[Dendarii](https://dendarii.alaeron.com),Yes,Yes,Yes,Yes,Yes,1,0,0,95%,7,0.19.2
[lemgoku](https://lemmy.jigoku.us.to),Yes,Yes,Yes,Yes,Yes,1,0,0,??,??,0.19.2
[sedd.it](https://sedd.it),Yes,No,Yes,Yes,Yes,1,0,0,??,??,0.19.3
[lemmy.srv0.lol](https://lemmy.srv0.lol),Yes,Yes,Yes,Yes,Yes,1,0,0,96%,7,0.18.5
[gnzl](https://nc.gnzl.cl),Yes,No,Yes,Yes,Yes,1,3,0,100%,7,0.19.3
[The Wired](https://wired.bluemarch.art),Yes,Yes,Yes,Yes,Yes,1,4,0,100%,8,0.19.3
[fl0w](https://fl0w.cc),Yes,No,Yes,Yes,Yes,1,45,0,100%,7,0.18.4-fl0w
[ESC](https://lemmy.eatsleepcode.ca),Yes,No,Yes,Yes,Yes,1,0,0,96%,8,0.19.1
[the lemmy.monster](https://lemmy.monster),Yes,No,Yes,Yes,Yes,1,11,0,96%,7,0.19.3
[Lemmy @ Ananace.dev](https://lemmy.ananace.dev),Yes,Yes,Yes,Yes,Yes,1,0,0,99%,7,0.19.3
[lemmy by Z31TUNG](https://lemmy.davidfreina.at),Yes,No,Yes,Yes,Yes,1,0,0,96%,8,0.19.2
[meguminverse](https://lemmy.megumin.org),Yes,No,Yes,Yes,Yes,1,4,0,94%,7,0.19.3
[GGG Federation](https://social.ggbox.fr),Yes,No,Yes,Yes,Yes,1,0,0,100%,7,0.18.5
[The Dojo Review](https://lemmy.socdojo.com),Yes,No,Yes,Yes,Yes,1,0,0,96%,7,0.19.3
[Martin's lemmy](https://martinlm.now-dns.net),Yes,No,Yes,Yes,Yes,1,0,0,100%,5,0.19.3
[criticalbasics](https://lemmy.criticalbasics.xyz),Yes,Yes,Yes,Yes,Yes,1,0,0,97%,7,0.19.3
[   ](https://zoo.splitlinux.org),Yes,No,Yes,Yes,Yes,1,0,0,97%,14,0.18.4
[L E F L I](https://lef.li),Yes,Yes,Yes,No,Yes,1,0,0,97%,7,0.19.3
[darmstadt.social](https://lemmy.darmstadt.social),Yes,Yes,Yes,Yes,Yes,1,0,0,98%,7,0.19.3
[Muffalings](https://lemmy.muffalings.com),Yes,Yes,Yes,Yes,Yes,1,0,0,100%,5,0.19.3
[Atheos](https://lemmy.atheos.org),Yes,Yes,Yes,No,Yes,1,0,0,??,??,0.19.1
[üîóopath](https://linkopath.com),Yes,Yes,Yes,Yes,Yes,1,0,0,99%,7,0.19.1
[CrazyHellTech](https://social.venith.net),Yes,Yes,Yes,Yes,Yes,1,1,6,97%,5,0.18.4
[Lemmy](https://lemmy.nexus),Yes,Yes,Yes,Yes,Yes,1,20,7,100%,8,0.19.3
[Reddit Refugees](https://reddrefuge.com),Yes,No,Yes,Yes,Yes,1,0,0,100%,7,0.19.3
[lemmy.imagisphe.re](https://lemmy.imagisphe.re),Yes,Yes,Yes,Yes,Yes,1,0,0,100%,5,0.19.3
[crocworld lemmy](https://lemmy.croc.pw),Yes,No,Yes,Yes,Yes,1,0,0,99%,7,0.18.5
[Generic](https://nopeeking.link),Yes,Yes,Yes,Yes,Yes,1,12,0,99%,5,0.18.4
[Rent a Drunk](https://rentadrunk.org),Yes,Yes,Yes,Yes,Yes,1,1,0,99%,5,0.19.3
[Magnor's lemmy](https://lemmy.magnor.ovh),Yes,Yes,Yes,Yes,Yes,1,84,0,99%,7,0.19.3
[init‚Äâ2‚Äâlemmy](https://lemmy.init2null.com),Yes,No,Yes,Yes,Yes,1,0,0,??,??,0.19.3
[Scam-Lemmy.me](https://lemmy.scam-mail.me),Yes,Yes,Yes,Yes,Yes,1,2,0,100%,7,0.19.2
[Fedifriends Lemmy](https://lemmy.fedifriends.social),Yes,No,Yes,Yes,Yes,1,0,0,99%,5,0.19.3
[lemmy-at-mildgrim](https://lemmy.mildgrim.com),Yes,Yes,Yes,Yes,Yes,1,0,0,99%,8,0.18.5
[MyLemmy](https://lemmy.sirmaple.ca),Yes,No,Yes,Yes,Yes,1,2,0,??,??,0.19.3
[Lemmy](https://lemmy.works),Yes,Yes,Yes,Yes,Yes,1,0,0,99%,7,0.19.3
[Alex Instance](https://l.harding.dev),Yes,Yes,No,Yes,Yes,1,0,0,100%,2,0.18.5
[Hugs by Xrs.cx](https://xrs.cx),Yes,Yes,Yes,Yes,Yes,1,0,11,100%,7,0.18.4
[SDF Europe Chatter](https://lemmy.sdfeu.org),Yes,Yes,Yes,Yes,Yes,1,0,0,87%,7,0.19.3
[Lemmy-TD](https://lemmy.grupotd.nat.cu),Yes,Yes,Yes,Yes,Yes,1,0,0,??,??,0.19.3
[federate.cc](https://lemmy.federate.cc),Yes,Yes,Yes,No,Yes,1,46,0,93%,7,0.18.5
[Ezekiel Rage](https://ezekielrage.com),Yes,No,Yes,Yes,Yes,1,0,0,100%,7,0.19.0
[Lemmy at matejc.com](https://matejc.com),Yes,No,Yes,Yes,Yes,1,0,0,100%,7,0.19.3
[Free as...](https://lem.free.as),Yes,Yes,Yes,Yes,Yes,1,0,0,100%,8,0.19.1
[Lemmieres](https://lemmy.sotu.casa),Yes,Yes,Yes,Yes,Yes,1,0,0,91%,5,0.18.5
[nowsci](https://lemmy.nowsci.com),Yes,Yes,Yes,Yes,Yes,1,168,0,99%,7,0.18.4
[lemmy](https://lemmy.doesnotexist.club),Yes,Yes,Yes,Yes,Yes,1,0,0,??,??,0.19.3
[Boba Milk Tea](https://t.bobamilktea.xyz),Yes,No,Yes,Yes,Yes,1,119,0,100%,7,0.19.0
[PurpleBall-Upgraded](https://kbin.tancomps.net),Yes,Yes,Yes,Yes,Yes,1,2,0,100%,6,0.19.1
[Lemmy Shtuf](https://lemmy.shtuf.eu),Yes,No,Yes,Yes,Yes,1,4,0,97%,7,0.19.3
[Saik0-Lemmy](https://lemmy.saik0.com),Yes,No,Yes,Yes,Yes,1,0,1,99%,7,0.19.3
[Tacobu.de](https://tacobu.de),Yes,Yes,Yes,Yes,Yes,1,0,0,100%,6,0.19.3
[Lemmy remotelab.uk](https://lemmy.remotelab.uk),Yes,Yes,Yes,Yes,Yes,1,0,0,100%,8,0.19.1
[New Mexico Soccer](https://support.futbol),Yes,Yes,Yes,No,No,1,1,1,84%,7,0.18.4
[lemmy.helios42.de](https://lemmy.helios42.de),Yes,Yes,Yes,Yes,Yes,1,0,0,100%,7,0.19.2
[Procrastinati.ORG](https://lemmy.procrastinati.org),Yes,Yes,Yes,Yes,Yes,1,5,0,99%,7,0.19.3
[lemmy.yachts](https://lemmy.yachts),Yes,Yes,No,Yes,Yes,1,0,0,100%,6,0.19.3
[Lemmy - RazBot](https://lemmy.razbot.xyz),Yes,No,Yes,Yes,Yes,1,1,0,100%,5,0.18.4-beta.5
[shoddy lemmy](https://l.shoddy.site),Yes,Yes,Yes,Yes,Yes,1,0,0,100%,6,0.18.4
[Noogs.Me](https://lemmy.noogs.me),Yes,No,Yes,Yes,Yes,1,0,0,??,??,0.19.2
[Wahrheitslemmy](https://lemmy.hogru.ch),Yes,Yes,Yes,Yes,Yes,1,0,0,98%,7,0.18.4
[ShinyLemmy](https://lemmy.shiny-task.com),Yes,No,Yes,Yes,Yes,1,0,0,100%,7,0.19.3
[lemmy pwarde](https://lemmy.pwarde.nl),Yes,No,Yes,Yes,Yes,1,0,0,99%,7,0.19.3
[fedii.me](https://fedii.me),Yes,No,Yes,Yes,Yes,1,0,0,100%,7,0.19.3
[tkohhh.social](https://tkohhh.social),Yes,No,Yes,Yes,Yes,1,2,0,99%,7,0.19.3
[LX Pontual](https://lx.pontual.social),Yes,Yes,Yes,Yes,Yes,1,0,0,98%,6,0.19.3
[Foxden Party](https://lemmy.foxden.party),Yes,Yes,Yes,Yes,Yes,1,3,0,99%,7,0.19.1
[ubergeek77's Lemmy](https://lemmy.ubergeek77.chat),Yes,Yes,Yes,Yes,Yes,1,3,0,99%,8,0.19.2
[Friends of JLH](https://lemmy.jlh.name),Yes,Yes,Yes,Yes,Yes,1,0,0,99%,7,0.18.5
[Super Happy Fun Site](https://wilbo.tech),Yes,No,Yes,Yes,Yes,1,0,0,86%,8,0.19.1
[Test endlesstalk](https://lemmy-test.philipu.dk),Yes,Yes,No,Yes,Yes,1,0,0,??,??,0.19.3
[beta.programming.dev](https://beta.programming.dev),Yes,Yes,Yes,Yes,Yes,1,0,0,??,??,0.19.3
[Bit Goblin/Lemmy](https://lemmy.bitgoblin.tech),Yes,No,Yes,No,Yes,1,0,0,93%,7,0.19.3
[0xDD](https://0xdd.org.ru),Yes,No,Yes,No,Yes,1,0,0,100%,16,0.19.2
[FederateLOL](https://lemmy.federate.lol),Yes,No,Yes,Yes,Yes,1,1,0,??,??,0.19.3
[Lemmy](https://lemmy.byrdcrouse.com),Yes,No,Yes,Yes,Yes,1,5,0,97%,6,0.19.3
[Johannes Fediversum!](https://lemmy.jhjacobs.nl),Yes,No,Yes,Yes,Yes,1,0,0,89%,6,0.18.4
[Dynaddit](https://lemmy.dynatron.me),Yes,Yes,Yes,Yes,Yes,1,1,0,100%,7,0.19.3
[TasLem](https://lemmy.nine-hells.net),Yes,No,Yes,Yes,Yes,1,0,0,100%,8,0.19.3
[PLG Social](https://social.packetloss.gg),Yes,No,Yes,No,Yes,1,4,0,100%,6,0.19.3
[Jnks Lemmy](https://lemmy.jnks.xyz),Yes,No,Yes,Yes,Yes,1,0,0,96%,7,0.19.3
[borgchat](https://borg.chat),Yes,Yes,Yes,Yes,Yes,1,2,0,99%,7,0.19.3
[MooreLemmy](https://lemmy.moorenet.casa),Yes,Yes,Yes,Yes,Yes,1,0,0,??,??,0.19.3
[lemmy.menos](https://lemmy.menos.gotdns.org),Yes,Yes,Yes,Yes,Yes,1,0,0,93%,7,0.19.3
[LemmyTeam ](https://lemmy.team),Yes,Yes,Yes,No,Yes,1,17,0,100%,6,0.19.3
[M'enfin!](https://lemmy.menf.in),Yes,No,Yes,Yes,Yes,1,0,0,100%,7,0.18.5
[Jacen Lemmy](https://discuss.jacen.moe),Yes,No,Yes,Yes,Yes,1,0,0,100%,7,0.19.3
[secnd.me](https://lemmy.secnd.me),Yes,No,Yes,Yes,Yes,1,0,0,100%,7,0.19.3
[Os33](https://l.os33.co),Yes,Yes,Yes,Yes,Yes,1,0,0,??,??,0.19.0
[lmy.brx.io](https://lmy.brx.io),Yes,Yes,Yes,No,Yes,1,0,0,99%,6,0.19.3
[Not Your Rodeo](https://notyour.rodeo),Yes,No,Yes,Yes,Yes,1,3,0,100%,7,0.19.3
[lemmyland](https://lemmyland.com),Yes,No,Yes,Yes,Yes,1,4,0,100%,8,0.19.1-rc.2-19-g0e6669f61
[Lemmy](https://lemmy.3cm.us),Yes,Yes,Yes,Yes,Yes,1,0,0,92%,6,0.18.5
[toldi.eu Lemmy](https://lemmy.toldi.eu),Yes,Yes,Yes,Yes,Yes,1,0,0,100%,7,0.19.2
[Lemmy](https://lemmy.blackeco.com),Yes,Yes,Yes,Yes,Yes,1,0,0,??,??,0.19.3
[lemmy.505dude.com](https://lemmy.505dude.com),Yes,Yes,Yes,Yes,Yes,1,0,0,78%,6,0.19.2
[lemmy.mkwarman.com](https://lemmy.mkwarman.com),Yes,No,Yes,Yes,Yes,1,0,0,94%,6,0.19.0
[prograhamming](https://lemmy.prograhamming.com),Yes,No,Yes,No,Yes,1,3,0,100%,6,0.18.5
[Le Me](https://lemmy.mohammadodeh.com),Yes,No,Yes,Yes,Yes,1,0,0,90%,7,0.19.3
[8th World](https://lemmy.8th.world),Yes,Yes,Yes,Yes,Yes,1,0,0,100%,6,0.19.1
[Nicknakin](https://lemmy.nicknakin.com),Yes,No,Yes,Yes,Yes,1,0,0,97%,6,0.19.3
[Pe1uca's lemmy](https://lemmy.pe1uca.dev),Yes,No,Yes,Yes,Yes,1,8,0,97%,7,0.19.1
[Cryptoriot](https://lemmy.cryptoriot.org),Yes,No,Yes,Yes,Yes,1,0,0,99%,6,0.19.3
[darvit](https://lemmy.darvit.nl),Yes,No,Yes,Yes,Yes,1,0,0,97%,7,0.19.3
[Lemmy](https://lemmy.sysctl.io),Yes,No,Yes,Yes,Yes,1,6,0,??,??,0.19.1
[Orbiting Observer](https://orbiting.observer),Yes,Yes,Yes,Yes,Yes,1,6,0,100%,6,0.19.3
[McHome Lemmy](https://l.mchome.net),Yes,Yes,Yes,Yes,Yes,1,0,0,100%,7,0.19.3
[Wooskey Lemmy](https://lemmy.d.thewooskeys.com),Yes,Yes,Yes,Yes,Yes,1,0,0,99%,6,0.18.3
[qLemmy](https://qlemmy.com),Yes,No,Yes,Yes,Yes,1,1,0,97%,7,0.19.3
[SAGF](https://lmy.sagf.io),Yes,No,Yes,Yes,Yes,1,0,0,93%,6,0.19.3
[weme](https://le.weme.wtf),Yes,Yes,Yes,Yes,Yes,1,0,0,??,??,0.19.3
[Potatoe](https://lemmy.potatoe.ca),Yes,Yes,Yes,No,Yes,1,13,0,96%,7,0.19.1
[Bodega da Aconchego](https://bodega.radioaconchego.org),Yes,Yes,Yes,Yes,Yes,1,0,0,??,??,0.19.0
[lemmy.dexlit](https://lemmy.dexlit.xyz),Yes,No,Yes,Yes,Yes,1,0,0,89%,6,0.19.3
[Unryzer.eu](https://lemmy.unryzer.eu),Yes,No,Yes,Yes,Yes,1,1,0,96%,6,0.19.3
[Srcfiles.zip](https://lemmy.srcfiles.zip),Yes,Yes,Yes,Yes,Yes,1,0,0,??,??,0.19.1
[LemmyLocal](https://lemmy.packitsolutions.net),Yes,Yes,Yes,Yes,Yes,1,0,0,93%,6,0.18.5
[Lemmy's Hivemind](https://lemmys.hivemind.at),Yes,No,Yes,Yes,Yes,1,18,0,97%,7,0.19.3
[Catata.fish](https://catata.fish),Yes,No,Yes,Yes,Yes,1,4,0,92%,6,0.19.3
[NDLUG](https://lemmy.ndlug.org),Yes,No,Yes,No,Yes,1,0,0,100%,6,0.19.3
[Lemmy.Okla.Social](https://lemmy.okla.social),Yes,Yes,Yes,Yes,Yes,1,0,0,94%,6,0.19.3
[lhenlo!](https://l.henlo.fi),Yes,Yes,Yes,Yes,Yes,1,1,0,100%,7,0.19.3
[My Lemmy Instance](https://lemmy.schwanke.ca),Yes,Yes,Yes,Yes,Yes,1,0,0,??,??,0.19.3
[MarsAgainstVenus](https://fedimav.win),Yes,Yes,Yes,Yes,Yes,1,45,0,91%,6,0.19.3
[teuto](https://lemmy.teuto.icu),Yes,Yes,Yes,Yes,Yes,1,0,0,99%,6,0.19.2
[Emerald Show](https://lemmy.emerald.show),Yes,No,Yes,Yes,Yes,1,0,0,??,??,0.19.1-rc.2
[LemmyStor](https://lemmy.parastor.net),Yes,Yes,Yes,Yes,Yes,1,2,0,??,??,0.19.3
[Kilmister](https://lemmy.inbutts.lol),Yes,No,Yes,Yes,Yes,1,1,0,100%,7,0.19.3
[Linkage @ DS8](https://linkage.ds8.zone),Yes,Yes,Yes,Yes,Yes,1,0,0,99%,14,0.18.5
[Quokk.au](https://quokk.au),Yes,No,Yes,No,No,1,1,0,100%,7,0.19.3
[Rosssi](https://fed.rosssi.co.uk),Yes,Yes,Yes,Yes,Yes,1,0,0,98%,7,0.19.3
[Baron Lemmy Group](https://lemmy.calvss.com),Yes,No,Yes,Yes,Yes,1,0,0,100%,8,0.18.3
[Sky-Lemmy](https://lemmy.skyjake.fi),Yes,No,Yes,Yes,Yes,1,0,0,100%,7,0.19.3
[antisocial.ly](https://lemmy.antisocial.ly),Yes,Yes,Yes,Yes,Yes,1,39,0,99%,8,0.19.3
[Multivers](https://lemmy.multivers.cc),Yes,Yes,Yes,Yes,Yes,1,1,0,97%,7,0.19.3
[Switter.su](https://switter.su),Yes,Yes,Yes,Yes,Yes,1,0,3,??,??,0.19.3
[Trash Brain](https://lem.trashbrain.org),Yes,Yes,Yes,Yes,Yes,1,0,0,100%,7,0.18.3
[Lemmo](https://lem.nimmog.uk),Yes,No,Yes,Yes,Yes,1,0,0,98%,7,0.19.3
[0xDEADCADE's Lemmy](https://lemmy.deadca.de),Yes,No,Yes,Yes,Yes,1,2,0,??,??,0.19.0
[SWG Empire](https://swg-empire.de),Yes,No,Yes,Yes,Yes,1,0,0,100%,7,0.19.3
[MRM](https://lemmy.mrm.one),Yes,No,Yes,Yes,Yes,1,38,0,100%,7,0.19.2
[The Garden](https://lemmy.lukeog.com),Yes,No,Yes,Yes,Yes,1,0,0,99%,7,0.19.3
[yah.lol](https://yah.lol),Yes,No,Yes,Yes,Yes,1,7,0,100%,7,0.19.1
[LibreTechni.ca](https://libretechni.ca),Yes,Yes,Yes,No,No,1,1,0,100%,7,0.19.0
[GWA](https://lemmy.gwa.app),Yes,No,Yes,Yes,Yes,1,1,0,??,??,0.19.3
[Lemmy Mengsk](https://lemmy.mengsk.org),Yes,Yes,Yes,Yes,Yes,1,0,0,??,??,0.19.0
[SSBA](https://lemmy.ssba.com),Yes,No,Yes,No,Yes,1,0,0,94%,7,0.19.3
[Lemmyrick](https://lemmyrick.com),Yes,No,Yes,Yes,Yes,1,0,0,??,??,0.19.3
[Globe.pub](https://lemmy.globe.pub),Yes,Yes,Yes,Yes,No,1,0,0,100%,7,0.18.4
[Bad at being social](https://badatbeing.social),Yes,Yes,Yes,No,Yes,1,7,0,98%,7,0.19.3
[rocketsfall](https://social.rocketsfall.net),Yes,No,Yes,Yes,Yes,1,4,0,99%,7,0.19.3
[Starbase 80 Lemmy](https://lemmy.starbase80.dev),Yes,No,Yes,Yes,Yes,1,0,0,??,??,0.18.5
[Tespia](https://lemmy.tespia.org),Yes,Yes,Yes,Yes,Yes,1,2,0,84%,7,0.19.0
[OrcasEnjoyingYachts](https://orcas.enjoying.yachts),Yes,No,Yes,No,Yes,1,1,0,100%,7,0.18.4
[   ](https://links.rocks),Yes,Yes,Yes,Yes,Yes,1,1,0,92%,7,0.18.5
[/dev/sw0](https://l.sw0.com),Yes,Yes,Yes,Yes,Yes,1,0,0,100%,7,0.19.1
[Lemmy  PussTheCat](https://lemmy.pussthecat.org),Yes,Yes,Yes,Yes,Yes,1,0,0,100%,7,0.19.3
[bmck.au](https://lemmy.bmck.au),Yes,Yes,No,Yes,Yes,1,0,0,100%,7,0.19.3
[Urbanhost](https://lemmy.urbanhost.top),Yes,Yes,Yes,Yes,Yes,1,0,0,99%,7,0.19.3
[z0r](https://lemmy.z0r.co),Yes,No,Yes,Yes,Yes,1,0,0,99%,7,0.19.3
[My Precious](https://precious.net),Yes,Yes,Yes,Yes,Yes,1,0,0,100%,7,0.18.4
[ConorAB](https://lemmy.conorab.com),Yes,Yes,Yes,Yes,Yes,1,0,0,97%,7,0.19.1-rc.2
[Casa Vaga](https://casavaga.com),Yes,Yes,Yes,Yes,Yes,1,0,0,100%,7,0.19.3
[Skulls everywhere](https://popplesburger.hilciferous.nl),Yes,No,Yes,Yes,Yes,1,26,0,99%,8,0.19.2
[Federation Red](https://federation.red),Yes,No,Yes,Yes,Yes,1,0,0,96%,7,0.19.2
[Horwood Cloud](https://lemmy.horwood.cloud),Yes,Yes,Yes,Yes,Yes,1,0,0,100%,7,0.19.3
[Johnnei's World](https://lemmy.johnnei.org),Yes,No,Yes,Yes,Yes,1,2,0,99%,7,0.18.4
[Hacker Talks](https://hackertalks.com),Yes,Yes,Yes,Yes,Yes,1,0,0,100%,7,0.19.3
[Infinite Corridor ](https://lemmy.kizaing.ca),Yes,Yes,Yes,Yes,Yes,1,2,0,??,??,0.19.3
[schoenwolf-schroeder](https://lemmy.schoenwolf-schroeder.com),Yes,Yes,Yes,Yes,Yes,1,0,0,99%,7,0.19.3
[√Öhall](https://lemmy.ahall.se),Yes,No,Yes,Yes,Yes,1,0,0,99%,7,0.19.3
[lemmy.thesanewriter](https://lemmy.thesanewriter.com),Yes,Yes,Yes,Yes,Yes,1,2,0,96%,7,0.19.3
[unboiled.info](https://lemmy.unboiled.info),Yes,No,Yes,Yes,Yes,1,0,0,99%,7,0.18.5
[NekuSoul-Lemmy](https://lemmy.nekusoul.de),Yes,No,Yes,Yes,Yes,1,0,0,100%,7,0.19.2
[masto.community](https://lemmy.masto.community),Yes,Yes,Yes,Yes,Yes,1,0,0,100%,7,0.18.5
[ShowEQ Lemmy](https://showeq.com),Yes,Yes,Yes,Yes,Yes,1,0,0,97%,7,0.18.5
[Lemm's @Home](https://lemmy.home.titey.net),Yes,Yes,Yes,Yes,Yes,1,4,0,96%,7,0.19.2
[lemmy.nyc.what.if.ua](https://lemmy.nyc.what.if.ua),Yes,Yes,Yes,Yes,Yes,1,3,0,89%,7,0.19.3
[catasaur](https://lemmy.catasaur.xyz),Yes,Yes,Yes,Yes,Yes,1,1,0,95%,7,0.19.0
[STONANSH](https://lemmy.stonansh.org),Yes,Yes,Yes,Yes,Yes,1,1,0,90%,7,0.19.1
[gioia://news](https://gioia.news),Yes,No,Yes,Yes,Yes,1,0,0,100%,7,0.19.3
[Lemmy de Tonton (FR)](https://lemmy.lacaveatonton.ovh),Yes,No,Yes,Yes,Yes,1,0,0,99%,7,0.19.3
[Bigma](https://lemmy.bigsecretwebsite.net),Yes,No,Yes,Yes,Yes,0,0,0,??,??,0.18.5
[Hobbit World](https://hobbit.world),Yes,No,Yes,Yes,Yes,0,0,0,100%,7,0.18.3
[MyOwnLemmyInstance](https://lemmy.myspamtrap.com),Yes,Yes,Yes,Yes,Yes,0,0,0,92%,7,0.19.3
[My Lemny](https://lemmy.zwanenburg.info),Yes,Yes,Yes,Yes,Yes,0,0,0,99%,7,0.18.5
[supernova.place](https://supernova.place),Yes,Yes,Yes,Yes,Yes,0,0,0,100%,7,0.18.5
[Lemmy  Tech Haven](https://lemmy.techhaven.io),Yes,No,Yes,Yes,Yes,0,0,0,81%,7,0.18.5
[Lemmy JGHolistic](https://lemmy.jgholistic.com),Yes,Yes,Yes,Yes,Yes,0,0,0,97%,7,0.18.5
[lemmy.igl.ooo](https://lemmy.igl.ooo),Yes,Yes,Yes,Yes,Yes,0,0,0,98%,7,0.18.5
[corrigan.space](https://corrigan.space),Yes,No,Yes,Yes,Yes,0,0,0,96%,7,0.19.3
[Digital's Lemmy](https://lemmy.digitalcharon.in),Yes,No,Yes,Yes,Yes,0,1,0,100%,7,0.18.3
[ByteLemmy](https://lemmy.byteunion.com),Yes,Yes,Yes,Yes,Yes,0,0,0,100%,7,0.18.4
[New Site](https://forum.nihilum.space),Yes,Yes,Yes,Yes,Yes,0,0,0,??,??,0.18.5
[Expats Zone](https://expats.zone),Yes,No,Yes,Yes,Yes,0,0,0,??,??,0.18.5
[LemmyN](https://lemmyn.telaax.com),Yes,Yes,Yes,Yes,Yes,0,0,0,??,??,0.18.5
[K-Money's Lemmy](https://lemmy.kmoneyserver.com),Yes,No,Yes,Yes,Yes,0,0,0,96%,7,0.18.5
[Vooruit met de geit](https://hoihoi.superboi.eu.org),Yes,Yes,Yes,Yes,Yes,0,0,0,100%,7,0.18.5
[Minecloud Lemmy](https://lemmy.minecloud.ro),Yes,Yes,Yes,Yes,Yes,0,0,0,99%,7,0.19.3
[Moo Party](https://lemmy.moocloud.party),Yes,Yes,Yes,Yes,Yes,0,0,0,100%,7,0.19.3
[Lemmy Admin](https://lemmyadmin.site),Yes,Yes,Yes,No,Yes,0,4,0,100%,7,0.18.4
[Memento Mori](https://mementomori.school),Yes,No,Yes,Yes,No,0,0,0,99%,7,0.18.4
[L3mmy](https://l3mmy.com),Yes,Yes,Yes,No,Yes,0,0,0,96%,7,0.19.3
[New Site](https://lemmy.meatballwizard.com),Yes,No,Yes,Yes,Yes,0,1,0,91%,7,0.18.5
[Fbsweb](https://lemmy.fbsweb.de),Yes,Yes,Yes,No,Yes,0,1,0,99%,7,0.18.5
[lemmy.masip.cat](https://lemmy.masip.cat),Yes,No,Yes,No,Yes,0,0,0,100%,7,0.18.5
[Void](https://lemmy.void.bh),Yes,No,Yes,Yes,Yes,0,0,0,88%,7,0.18.5
[KMS Lemmy](https://lemmy.kms.onl),Yes,No,Yes,Yes,Yes,0,0,0,95%,7,0.19.3
[Community Genky](https://community.genky.duckdns.org),Yes,Yes,Yes,Yes,Yes,0,0,0,99%,7,0.19.3
[Der R√§uberwald](https://raeuberwald.de),Yes,Yes,Yes,Yes,Yes,0,0,0,100%,7,0.18.3
[NBA](https://nba.space),Yes,Yes,Yes,No,Yes,0,0,0,??,??,0.18.5
[Mods4Ever](https://lemmy.mods4ever.com),Yes,No,Yes,Yes,Yes,0,0,0,100%,7,0.19.3
[Ruin Threads](https://threads.ruin.io),Yes,No,Yes,Yes,Yes,0,0,0,100%,7,0.18.4
[soc.ebmn.io](https://soc.ebmn.io),Yes,No,Yes,Yes,Yes,0,0,0,87%,7,0.19.0
[The Wolf's Den](https://lemmy.pixelcollider.net),Yes,No,Yes,Yes,Yes,0,0,0,94%,6,0.19.3
[CWAIN Lemmy](https://lemmy.cwain.dk),Yes,No,Yes,Yes,Yes,0,1,0,98%,6,0.18.4
[Level Up!](https://level-up.zone),Yes,Yes,Yes,No,Yes,0,0,0,100%,0,0.18.5
[Lemmy](https://lemmy.paulstevens.org),Yes,Yes,Yes,Yes,Yes,0,0,0,??,??,0.18.4
[Daylin's Lemmy](https://lemmy.dayl.in),Yes,No,Yes,Yes,Yes,0,0,0,??,??,0.19.3
[lemmy](https://lm.blythhub.com),Yes,Yes,Yes,Yes,Yes,0,0,0,97%,7,0.18.5
[rabidLem](https://3t.au),Yes,Yes,Yes,Yes,Yes,0,0,0,98%,7,0.19.3
[Lemmy.bond](https://lemmy.bond),Yes,Yes,No,Yes,Yes,0,0,0,86%,7,0.18.5
[Some Institute](https://some.institute),Yes,Yes,Yes,No,Yes,0,0,0,93%,7,0.19.1
[Yamasaur Instance](https://yamasaur.com),Yes,Yes,Yes,Yes,Yes,0,3,0,100%,7,0.18.4
[Safe Internet Forum](https://lemmy.safe-internet.org),Yes,No,Yes,No,Yes,0,1,1,90%,7,0.19.3
[just.vibin.wtf](https://just.vibin.wtf),Yes,Yes,Yes,Yes,Yes,0,0,0,??,??,0.19.3
[Lemmy. Loof. Life.](https://lemmy.loof.life),Yes,Yes,Yes,Yes,Yes,0,0,0,??,??,0.18.4-rc.3
[Garuda's Lemmy](https://lemmy.garudalinux.org),Yes,Yes,Yes,Yes,Yes,0,1,0,100%,6,0.19.3
[Azgil](https://azgil.net),Yes,Yes,Yes,Yes,Yes,0,0,0,100%,6,0.19.3
[Private Lemmy](https://lemmy.bismith.net),Yes,Yes,Yes,Yes,Yes,0,0,0,92%,7,0.18.5
[happysl.app](https://happysl.app),Yes,Yes,Yes,Yes,Yes,0,0,0,99%,7,0.19.3
[Boulder.ly](https://boulder.ly),Yes,Yes,Yes,No,Yes,0,186,0,98%,7,0.18.4
[Praise The Sun ‚òÄ](https://r.irithyll.cc),Yes,No,Yes,Yes,Yes,0,0,0,99%,7,0.19.3
[disflux lemmy](https://disflux.org),Yes,Yes,Yes,Yes,Yes,0,0,0,92%,7,0.19.3
[Lemmy Hostux](https://lemmy.hstx.eu),Yes,Yes,Yes,Yes,Yes,0,0,0,95%,6,0.19.3
[sammich.es](https://sammich.es),Yes,Yes,Yes,Yes,Yes,0,0,0,100%,6,0.18.4
[Megli Lemmy](https://lemmy.meg.li),Yes,Yes,Yes,Yes,Yes,0,1,0,96%,6,0.18.3
[Ramble Lemmy](https://lemmy.ramble.moe),Yes,Yes,Yes,Yes,Yes,0,1,0,98%,7,0.18.4
[tsck.org](https://tsck.org),Yes,Yes,Yes,Yes,Yes,0,3,0,99%,6,0.18.3
[Cogindo](https://lemmy.cogindo.net),Yes,Yes,Yes,Yes,Yes,0,0,0,100%,7,0.18.5
[The Cool Lemmy](https://seriously.iamincredibly.gay),Yes,Yes,Yes,Yes,Yes,0,0,0,94%,7,0.18.5
[snow storm](https://snowstorm.online),Yes,Yes,Yes,Yes,Yes,0,0,0,98%,6,0.18.5
[lemmy.0upti.me](https://lemmy.0upti.me),Yes,Yes,Yes,Yes,Yes,0,0,0,100%,6,0.19.3
[DigitalUtopia.xyz](https://lemmy.digitalutopia.xyz),Yes,No,Yes,Yes,Yes,0,1,0,82%,7,0.18.4
[whemic.xyz](https://whemic.xyz),Yes,No,Yes,Yes,Yes,0,0,0,99%,7,0.19.3
[Liftoff Stable](https://stable.liftoff-app.org),Yes,Yes,Yes,Yes,Yes,0,0,0,100%,7,0.18.3
[ou0 ](https://ou0.de),Yes,No,Yes,Yes,Yes,0,0,0,100%,7,0.18.3
[singinwhale.com](https://lmy.singinwhale.com),Yes,Yes,Yes,Yes,Yes,0,0,0,100%,7,0.18.4
[HenkNet](https://lemmy.henknet.org),Yes,Yes,Yes,Yes,Yes,0,0,0,100%,6,0.18.3
[lemmy.co.nz](https://lemmy.co.nz),Yes,Yes,Yes,Yes,Yes,0,0,0,100%,6,0.18.5
[snemmy](https://lemmy.snekerpimp.space),Yes,No,No,Yes,Yes,0,0,0,??,??,0.19.3
[„Åµ„Åá„Çì„ÇÇ„ÅÜ](https://fenmou.cyou),Yes,No,Yes,Yes,Yes,0,0,0,100%,3,0.19.3
[Lemmy](https://lemmy.bothhands.ca),Yes,Yes,Yes,Yes,Yes,0,0,0,100%,7,0.18.5
[Lemmy](https://lemmy.ecliptik.com),Yes,No,Yes,Yes,Yes,0,1,0,95%,7,0.19.2
[lem.ph3j.com](https://lem.ph3j.com),Yes,Yes,Yes,No,No,0,0,4,99%,33,0.19.3
[Reformeddit](https://dit.reformed.social),Yes,Yes,Yes,No,Yes,0,0,0,100%,7,0.18.4
[Lemmy.blabber.casa](https://lemmy.blabber.casa),Yes,Yes,Yes,No,Yes,0,0,0,??,??,0.19.3
[hacktheplanet.be](https://lemmy.hacktheplanet.be),Yes,Yes,Yes,Yes,Yes,0,0,0,99%,7,0.18.5
[kuuhana](https://kuu.kohana.fi),Yes,No,Yes,Yes,Yes,0,0,0,100%,7,0.18.5
[lemmy.sweeney.social](https://lemmy.sweeney.social),Yes,No,Yes,Yes,Yes,0,0,0,??,??,0.18.5
[Lem El Lem](https://lemellem.dasonic.xyz),Yes,Yes,Yes,Yes,Yes,0,0,0,89%,7,0.18.4
[Lemmy.Kaytse.Fun](https://lemmy.kaytse.fun),Yes,No,No,No,Yes,0,0,0,100%,6,0.18.4
[Datatekniker](https://lemmy.datatekniker.dev),Yes,No,Yes,Yes,Yes,0,7,0,96%,6,0.19.3
[Lemmy of 7RG1NT](https://l.7rg1nt.moe),Yes,No,Yes,Yes,Yes,0,0,0,??,??,0.19.3
[Lemmy Thick](https://kbin.thicknahalf.com),Yes,No,Yes,Yes,Yes,0,0,0,100%,1,0.19.3
[The Meissner's](https://lemmy.meissners.me),Yes,Yes,Yes,Yes,Yes,0,0,0,83%,7,0.19.3
[Lemmy Killtime](https://lemmy.killtime.online),Yes,No,Yes,Yes,Yes,0,0,0,100%,6,0.18.4
[Kennery Lemmy](https://lemmy.kennery.com),Yes,Yes,Yes,Yes,Yes,0,0,0,99%,6,0.18.4
[Lemmy@em](https://lemmy.installation00.org),Yes,Yes,Yes,Yes,Yes,0,0,0,??,??,0.19.3
[Echo Reddit](https://reddit.bar),Yes,No,Yes,Yes,Yes,0,0,0,??,??,0.18.4
[Estrogen +](https://lemmy.estrogen.plus),Yes,Yes,Yes,Yes,Yes,0,0,0,100%,7,0.19.3
[arpa.dev](https://arpa.dev),Yes,Yes,Yes,Yes,Yes,0,0,0,100%,7,0.19.3
[rekabu.ru](https://rekabu.ru),Yes,Yes,Yes,Yes,Yes,0,0,1,98%,7,0.19.3
[Helilot](https://lm.helilot.com),Yes,Yes,Yes,Yes,Yes,0,2,0,95%,7,0.18.5
[Smay's Instance](https://lemmy.smay.dev),Yes,Yes,Yes,Yes,Yes,0,0,0,98%,6,0.18.4
[mimiclem.me](https://mimiclem.me),Yes,No,Yes,Yes,Yes,0,1,0,94%,7,0.18.4
[NOICE](https://lemmy.noice.social),Yes,Yes,Yes,Yes,Yes,0,0,0,100%,6,0.18.4
[QuantenToast](https://postit.quantentoast.de),Yes,Yes,Yes,Yes,Yes,0,31,0,100%,7,0.18.5
[Expand's Domain](https://lem.ur-mom.gay),Yes,No,Yes,Yes,Yes,0,0,2,99%,7,0.19.0
[Fry](https://fry.gs),Yes,No,Yes,No,Yes,0,0,0,98%,6,0.18.5
[Lululemmy](https://lululemmy.com),Yes,Yes,Yes,Yes,No,0,0,3,100%,6,0.18.5
[Personal Feddit](https://lemmy.skoops.social),Yes,Yes,Yes,Yes,Yes,0,0,0,97%,6,0.18.4
[Lemmy Reads](https://lemmy.fedireads.com),Yes,Yes,Yes,No,Yes,0,0,0,100%,6,0.18.4
[Mlem-Hackular](https://mlem.hackular.com),Yes,Yes,Yes,Yes,Yes,0,0,0,98%,6,0.18.4
[utveckla.re](https://lemmy.utveckla.re),Yes,Yes,Yes,Yes,Yes,0,0,0,98%,7,0.18.4
[VA-11 Hall-A Bar](https://va11halla.bar),Yes,Yes,Yes,Yes,No,0,1,1,??,??,0.19.1
[Lemmy@LuSj.com](https://lemmy.lundgrensjostrom.com),Yes,Yes,Yes,Yes,Yes,0,0,0,92%,7,0.19.3
[MetaCritics](https://metacritics.zone),Yes,No,Yes,No,Yes,0,0,0,100%,0,0.18.5
[theculture.social](https://theculture.social),Yes,No,Yes,Yes,No,0,1,0,??,??,0.19.1
[BIAS](https://lemmy.thebias.nl),Yes,No,Yes,Yes,Yes,0,0,0,100%,7,0.18.3
[Dr. Lemmy](https://drlemmy.net),Yes,Yes,Yes,Yes,Yes,0,0,0,94%,7,0.19.3
[Lan Tian @ Lemmy](https://lemmy.lantian.pub),Yes,Yes,Yes,Yes,Yes,0,1,0,100%,7,0.19.3
[ME-Lemmy](https://lemmy.elashri.xyz),Yes,No,No,No,Yes,0,1,0,??,??,0.19.1
[Lemmy Aker](https://lemmy.fediverse.apps.eddyvandenaker.com),Yes,Yes,Yes,Yes,Yes,0,0,0,96%,5,0.18.4
[halfbro's server](https://lemmy.halfbro.xyz),Yes,No,Yes,Yes,Yes,0,0,0,100%,7,0.18.4
[l.60228.dev](https://l.60228.dev),Yes,Yes,Yes,Yes,Yes,0,0,0,100%,7,0.18.5
[Lime Gnirts](https://lemmy.titanplusplus.online),Yes,Yes,Yes,Yes,Yes,0,0,0,100%,5,0.18.4
[lemmy.vlpatton.gay](https://lemmy.vlpatton.gay),Yes,Yes,Yes,Yes,Yes,0,0,0,??,??,0.18.5
[Video Lovers](https://videolovers.site),Yes,No,Yes,Yes,Yes,0,0,0,100%,5,0.18.4
[Lemmy](https://lemmy.korz.dev),Yes,Yes,Yes,Yes,Yes,0,0,0,??,??,0.18.5
[PiperServers](https://lemmy.piperservers.net),Yes,Yes,Yes,Yes,Yes,0,0,0,100%,7,0.19.1
[Viewfinder Pro](https://viewfinder.pro),Yes,No,Yes,No,Yes,0,0,0,100%,2,0.18.5
[Holmosapien](https://lemmy.holmosapien.com),Yes,Yes,Yes,Yes,Yes,0,0,0,89%,7,0.19.3
[Ripost](https://ripo.st),Yes,Yes,Yes,Yes,Yes,0,2,0,100%,8,0.18.3
[ProIT](https://proit.org),Yes,No,Yes,Yes,Yes,0,0,0,100%,7,0.19.3
[Personal Lemmy](https://lemmy.100010101.xyz),Yes,Yes,Yes,Yes,Yes,0,0,0,100%,6,0.18.4
[My Lemmy Instance](https://lm.sethp.cc),Yes,Yes,Yes,Yes,Yes,0,0,0,98%,7,0.19.2
[Lemmy](https://acqrs.co.uk),Yes,Yes,Yes,Yes,Yes,0,0,0,100%,8,0.18.5
[Sya's Lemmy](https://lemmy.syrasu.com),Yes,No,Yes,Yes,Yes,0,0,0,91%,7,0.19.1
[Sarcastic Developer](https://lemmy.sarcasticdeveloper.com),Yes,No,Yes,Yes,Yes,0,0,3,97%,7,0.19.2
[/F e d i t](https://fedit.io),Yes,Yes,Yes,Yes,Yes,0,0,6,100%,8,0.18.4
[unreachable.cloud](https://unreachable.cloud),Yes,Yes,Yes,Yes,Yes,0,0,0,??,??,0.19.3
[alu's lemmy](https://links.aa4.eu),Yes,Yes,Yes,Yes,Yes,0,0,0,98%,4,0.18.4
[NWDR Club](https://nwdr.club),Yes,No,Yes,Yes,Yes,0,1,0,100%,7,0.18.5
[o0o Community Á§æÁæ§](https://community.o0o.social),Yes,Yes,Yes,Yes,Yes,0,1,0,100%,4,0.18.5
[Falconry Party!](https://falconry.party),Yes,No,Yes,No,Yes,0,0,0,98%,7,0.19.3
[Temperate Lemmy](https://social.poisson.me),Yes,No,Yes,Yes,Yes,0,0,0,100%,7,0.18.4
[Lemmy](https://lemmy.remorse.us),Yes,Yes,Yes,Yes,Yes,0,0,0,75%,3,0.18.5
[Lemmy.HybridSarcasm](https://lemmy.hybridsarcasm.xyz),Yes,Yes,Yes,Yes,Yes,0,0,0,94%,4,0.18.5
[fduck](https://le.fduck.net),Yes,No,Yes,Yes,Yes,0,0,0,100%,7,0.19.1
[Social](https://social.fr4me.io),Yes,Yes,Yes,Yes,Yes,0,0,0,99%,7,0.18.4
[selfhosted](https://selfhosted.forum),Yes,No,Yes,No,Yes,0,0,2,100%,7,0.19.2
[D'Cotta Lemmy](https://r.dcotta.eu),Yes,No,Yes,Yes,Yes,0,66,0,92%,7,0.19.3
[lemmy.l00p.org](https://lemmy.l00p.org),Yes,No,Yes,Yes,Yes,0,0,0,100%,8,0.18.5
[style.land](https://style.land),Yes,Yes,Yes,No,Yes,0,0,0,??,??,0.18.5
[ByteME](https://lm.byteme.social),Yes,No,Yes,Yes,Yes,0,5,0,94%,8,0.19.3
[lemmy.albertoluna.es](https://lemmy.albertoluna.es),Yes,No,Yes,Yes,Yes,0,0,0,94%,7,0.19.3
[discuss-sfs](https://discuss.soundforsound.co.uk),Yes,Yes,Yes,Yes,Yes,0,0,0,??,??,0.18.4
[Discoth√®que(st)](https://lemmy.discothe.quest),Yes,Yes,Yes,Yes,Yes,0,0,0,??,??,0.18.3
[TarioCH](https://lemmy.tario.org),Yes,Yes,Yes,Yes,Yes,0,0,0,97%,7,0.19.3
[vyizis.tech](https://lemmy.vyizis.tech),Yes,Yes,Yes,Yes,Yes,0,0,0,99%,7,0.19.3
[Raku Party!](https://lemmy.social.raku.party),Yes,No,Yes,Yes,Yes,0,0,0,100%,3,0.18.5
[dnet.social](https://lemmy.dnet.social),Yes,Yes,Yes,Yes,Yes,0,0,0,100%,7,0.18.4
[lemmy.nope.ly](https://lemmy.nope.ly),Yes,No,Yes,Yes,Yes,0,0,0,99%,7,0.18.5
[Moe Lemmy](https://lemmy.moe),Yes,No,Yes,Yes,Yes,0,0,0,100%,3,0.18.5
[Mooo](https://lemmy.mooo.com),Yes,No,Yes,Yes,Yes,0,1,0,100%,7,0.18.4
[TheColdDark](https://lemmy.thecolddark.com),Yes,No,Yes,Yes,Yes,0,0,0,100%,3,0.18.5
[Liminal](https://liminal.southfox.me),Yes,Yes,Yes,Yes,No,0,0,0,98%,12,0.18.3
[Daring Lemmy Fans](https://daring.lemmy.fan),Yes,Yes,Yes,Yes,Yes,0,0,0,97%,2,0.19.3
[lemmy.8bitar.io](https://lemmy.8bitar.io),Yes,No,Yes,No,Yes,0,0,0,??,??,0.18.5
[le-me.xyz](https://le-me.xyz),Yes,Yes,Yes,Yes,Yes,0,0,0,99%,7,0.18.5
[Unfiltered](https://lemmy.unfiltered.social),Yes,No,Yes,Yes,Yes,0,0,0,100%,4,0.18.5
[Possum City](https://lm.possum.city),Yes,Yes,Yes,Yes,Yes,0,0,0,95%,2,0.18.5
[AzamServer](https://lemmy.azamserver.com),Yes,No,Yes,Yes,Yes,0,0,0,89%,7,0.18.5
[Gross Hosting](https://lemmy.gross.hosting),Yes,No,Yes,Yes,Yes,0,0,0,99%,8,0.18.5
[blad.is](https://lemmy.blad.is),Yes,Yes,Yes,Yes,Yes,0,0,0,100%,7,0.18.5
[NFL](https://nfl.community),Yes,Yes,Yes,No,Yes,0,0,0,100%,2,0.18.5
[lemmy.korfmann.xyz](https://lemmy.korfmann.xyz),Yes,Yes,Yes,Yes,Yes,0,0,0,??,??,0.19.1
[Lemmit](https://lemmit.online),Yes,No,Yes,Yes,Yes,0,14,18,96%,7,0.18.5
[Demon Potatoes](https://lemmy.onitato.com),Yes,No,Yes,Yes,Yes,0,0,0,100%,8,0.19.3
[leby](https://leby.dev),Yes,Yes,Yes,Yes,Yes,0,0,0,97%,7,0.19.2
[TelaLemmy](https://lemmy.telaax.com),Yes,Yes,Yes,Yes,Yes,0,0,0,99%,7,0.18.5
[dev_null](https://lemmy.searchbitch.info),Yes,No,Yes,Yes,Yes,0,1,0,71%,2,0.18.5
[Decronym](https://lemmy.decronym.xyz),Yes,No,Yes,Yes,Yes,0,0,0,100%,8,0.18.3
[Lemmy.Website](https://lemmy.website),Yes,Yes,No,Yes,Yes,0,0,3,??,??,0.19.3
[My Lemmy Instance](https://lemmy.n1ks.net),Yes,Yes,Yes,Yes,Yes,0,0,0,??,??,0.18.5
[lemmy.tr00st.co.uk](https://lemmy.tr00st.co.uk),Yes,Yes,Yes,Yes,Yes,0,0,0,100%,8,0.18.5
[Soccer Forum](https://soccer.forum),Yes,No,Yes,No,Yes,0,0,1,100%,7,0.19.2
[My Lemmy Instance](https://lemmy.jasonsanta.xyz),Yes,Yes,Yes,Yes,Yes,0,0,0,78%,8,0.18.3
[The Evangineer Lemmy](https://lemmy.evangineer.net),Yes,Yes,Yes,Yes,Yes,0,0,0,??,??,0.19.1
[forkk.me](https://forkk.me),Yes,No,Yes,Yes,Yes,0,5,0,98%,8,0.18.4
[lemmy.wentam.net](https://lemmy.wentam.net),Yes,Yes,Yes,Yes,Yes,0,0,0,93%,2,0.18.5
[Social Coalition](https://social.coalition.space),Yes,Yes,Yes,Yes,Yes,0,0,0,96%,8,0.18.3
[Kutara](https://lemmy.kutara.io),Yes,Yes,Yes,Yes,Yes,0,0,0,99%,7,0.19.0
[anonion.social](https://lemmy.anonion.social),Yes,No,Yes,Yes,Yes,0,2,1,97%,8,0.19.3
[seifert.id](https://lemmy.seifert.id),Yes,Yes,Yes,Yes,Yes,0,0,0,100%,8,0.18.3
[Noprobe Lemmy](https://lemmy.nopro.be),Yes,No,Yes,Yes,Yes,0,0,0,99%,7,0.18.5
[AbsoluteSix](https://lemmy.absolutesix.com),Yes,No,Yes,Yes,Yes,0,0,0,100%,7,0.19.0
[lmmytvdldev](https://lmmy.tvdl.dev),Yes,No,Yes,Yes,Yes,0,0,0,100%,8,0.18.5
[Hardware Watch](https://hardware.watch),Yes,No,Yes,No,Yes,0,0,0,99%,3,0.18.5
[feddit.nz](https://feddit.nz),Yes,No,Yes,Yes,Yes,0,2,0,100%,8,0.18.4
[Biendeo's Lemmy](https://l.biendeo.com),Yes,Yes,Yes,Yes,Yes,0,0,0,99%,7,0.18.3
[lemmiys](https://lemmy.iys.io),Yes,Yes,Yes,Yes,Yes,0,2,0,100%,7,0.18.4
[social.sour.is](https://social.sour.is),Yes,No,Yes,Yes,Yes,0,0,0,??,??,0.19.1
[lemmy.snoot.tube](https://lemmy.snoot.tube),Yes,Yes,Yes,Yes,No,0,0,0,??,??,0.18.5
[lemmy.nikore.net](https://lemmy.nikore.net),Yes,No,Yes,Yes,Yes,0,1,0,95%,7,0.18.5
[The Silver Tower](https://lemmy.thesilvertower.social),Yes,Yes,Yes,Yes,Yes,0,0,0,??,??,0.18.5
[The Health Community](https://healthy.community),Yes,Yes,Yes,No,Yes,0,0,0,??,??,0.19.3
[lemmy.macaddict89.me](https://lemmy.macaddict89.me),Yes,No,Yes,Yes,Yes,0,0,0,89%,7,0.18.5
[dev.lemmy.world](https://dev.lemmy.world),Yes,Yes,No,Yes,Yes,0,0,0,??,??,0.19.0
[Hunter Jozwiak's Lem](https://lemmy.hunterjozwiak.com),Yes,No,Yes,Yes,Yes,0,0,0,??,??,0.19.3
[lemmy.schuerz.at](https://lemmy.schuerz.at),Yes,No,Yes,Yes,Yes,0,0,0,98%,35,0.19.3
[Lemmy Coupou.fr](https://lemmy.coupou.fr),Yes,Yes,Yes,Yes,Yes,0,0,0,99%,27,0.19.3
[Lemmy Help](https://lemmy.help),Yes,No,Yes,Yes,Yes,0,0,0,??,??,0.19.3
[CatSnake](https://l.vidja.social),Yes,Yes,Yes,Yes,Yes,0,0,0,100%,8,0.18.4
[Anarch.is](https://anarch.is),Yes,No,Yes,No,Yes,0,0,0,96%,8,0.18.3
[lemmy.elest.io](https://lemmy.elest.io),Yes,Yes,Yes,Yes,Yes,0,0,14,100%,7,0.19.1
[Hundeh√ºtte](https://lemmy.dogboy.xyz),Yes,No,Yes,Yes,Yes,0,0,0,100%,7,0.19.3
[hopskipjump Lemmy](https://lemmy.hopskipjump.cloud),Yes,Yes,Yes,Yes,Yes,0,0,0,??,??,0.18.5
[esq.social Links](https://links.esq.social),Yes,No,No,No,Yes,0,0,0,??,??,0.18.4
[lm.inu.is](https://lm.inu.is),Yes,Yes,Yes,Yes,Yes,0,0,0,94%,8,0.19.1
[CloudHub.Social](https://lemmy.cloudhub.social),Yes,Yes,Yes,Yes,Yes,0,0,0,82%,8,0.19.3
[w9r.de](https://lemmy.w9r.de),Yes,No,Yes,Yes,Yes,0,0,0,100%,7,0.19.0-rc.13
[Gearhead Town](https://gearhead.town),Yes,Yes,Yes,No,Yes,0,0,0,99%,3,0.18.5
[Cult I Mean Group](https://lemmy.cultimean.group),Yes,Yes,Yes,Yes,Yes,0,0,0,99%,7,0.19.3
[Netheads Online](https://netheads.online),Yes,Yes,Yes,No,Yes,0,0,0,??,??,0.18.5
[High Fidelity](https://hi-fi.community),Yes,Yes,Yes,No,Yes,0,0,0,??,??,0.18.5
[Orava Castle](https://orava.dev),Yes,Yes,Yes,No,Yes,0,2,0,??,??,0.18.5
[Lemmy](https://discuss.icewind.me),Yes,Yes,Yes,Yes,Yes,0,0,0,100%,7,0.18.5
[Helvetet](https://lemmy.helvetet.eu),Yes,No,Yes,No,Yes,0,1,0,??,??,0.19.2
[lemmy.lan](https://lemmy.neshweb.net),Yes,No,No,Yes,Yes,0,0,0,??,??,0.19.3
[SFW Network](https://sfw.community),Yes,No,Yes,No,Yes,0,0,0,??,??,0.18.5
[Shinobu](https://shinobu.cloud),Yes,Yes,Yes,Yes,Yes,0,0,0,91%,8,0.19.3
[Power User ](https://poweruser.forum),Yes,Yes,Yes,No,Yes,0,0,0,99%,3,0.18.5
[lemmy.hosted.frl](https://lemmy.hosted.frl),Yes,Yes,Yes,Yes,Yes,0,0,0,??,??,0.18.5-rc.2
[Foodie Rehab](https://foodie.rehab),Yes,Yes,Yes,No,Yes,0,0,0,??,??,0.18.5
[Blockchain Observer](https://blockchained.world),Yes,No,Yes,No,Yes,0,0,0,??,??,0.18.5
[Lemmy](https://lemmy.services.coupou.fr),Yes,Yes,Yes,Yes,Yes,0,0,9,99%,27,0.19.3
[Athletic Center](https://athletic.center),Yes,No,Yes,No,Yes,0,0,0,??,??,0.18.5
[Mathers](https://l.mathers.fr),Yes,No,Yes,Yes,Yes,0,0,0,92%,7,0.18.5
[Matchpoint Zone](https://matchpoint.zone),Yes,Yes,Yes,No,Yes,0,0,0,??,??,0.18.5
[Indie Hackers](https://indiehackers.space),Yes,Yes,Yes,No,Yes,0,0,0,??,??,0.18.5
[Lemmy Market](https://lemmy.market),Yes,No,No,Yes,Yes,0,0,0,??,??,0.18.5
[lemmy.cnschn.com](https://lemmy.cnschn.com),Yes,Yes,Yes,Yes,Yes,0,0,0,99%,7,0.18.5
[Lemmy@fredhs.net](https://lemmy.fredhs.net),Yes,Yes,Yes,Yes,Yes,0,0,0,99%,4,0.19.3
[VR Freddit](https://lemmy.vrchat-dev.tech),Yes,Yes,Yes,Yes,Yes,0,1,0,??,??,0.18.4
[einval.net](https://lemmy.einval.net),Yes,No,Yes,Yes,Yes,0,1,0,100%,8,0.19.1
[Lemmy ](https://lm.williampuckering.com),Yes,No,Yes,Yes,Yes,0,0,0,96%,7,0.18.4
[Academy Garden](https://academy.garden),Yes,No,Yes,No,Yes,0,0,0,??,??,0.18.5
[Servarr](https://lemmy.servarr.com),Yes,No,Yes,Yes,Yes,0,0,0,100%,7,0.18.5
